/*
SQLyog Ultimate v10.00 Beta1
MySQL - 5.5.46 : Database - angular
*********************************************************************
*/

/*!40101 SET NAMES utf8 */;

/*!40101 SET SQL_MODE=''*/;

/*!40014 SET @OLD_UNIQUE_CHECKS=@@UNIQUE_CHECKS, UNIQUE_CHECKS=0 */;
/*!40014 SET @OLD_FOREIGN_KEY_CHECKS=@@FOREIGN_KEY_CHECKS, FOREIGN_KEY_CHECKS=0 */;
/*!40101 SET @OLD_SQL_MODE=@@SQL_MODE, SQL_MODE='NO_AUTO_VALUE_ON_ZERO' */;
/*!40111 SET @OLD_SQL_NOTES=@@SQL_NOTES, SQL_NOTES=0 */;
CREATE DATABASE /*!32312 IF NOT EXISTS*/`angular` /*!40100 DEFAULT CHARACTER SET latin1 */;

USE `angular`;

/*Table structure for table `addresses` */

DROP TABLE IF EXISTS `addresses`;

CREATE TABLE `addresses` (
  `id` int(10) unsigned NOT NULL AUTO_INCREMENT,
  `name` varchar(255) COLLATE utf8_unicode_ci NOT NULL,
  `person_id` int(11) NOT NULL,
  `created_at` timestamp NOT NULL DEFAULT '0000-00-00 00:00:00',
  `updated_at` timestamp NOT NULL DEFAULT '0000-00-00 00:00:00',
  PRIMARY KEY (`id`)
) ENGINE=InnoDB AUTO_INCREMENT=2 DEFAULT CHARSET=utf8 COLLATE=utf8_unicode_ci;

/*Data for the table `addresses` */

insert  into `addresses`(`id`,`name`,`person_id`,`created_at`,`updated_at`) values (1,'Thahity',0,'2015-12-24 09:42:23','2015-12-24 09:42:23');

/*Table structure for table `brokers` */

DROP TABLE IF EXISTS `brokers`;

CREATE TABLE `brokers` (
  `id` int(10) unsigned NOT NULL AUTO_INCREMENT,
  `broker` varchar(255) COLLATE utf8_unicode_ci NOT NULL,
  `transaction_id` int(11) NOT NULL,
  `created_at` timestamp NOT NULL DEFAULT '0000-00-00 00:00:00',
  `updated_at` timestamp NOT NULL DEFAULT '0000-00-00 00:00:00',
  PRIMARY KEY (`id`)
) ENGINE=InnoDB AUTO_INCREMENT=92 DEFAULT CHARSET=utf8 COLLATE=utf8_unicode_ci;

/*Data for the table `brokers` */

insert  into `brokers`(`id`,`broker`,`transaction_id`,`created_at`,`updated_at`) values (1,'sharad',15,'0000-00-00 00:00:00','0000-00-00 00:00:00'),(2,'shiraj',15,'0000-00-00 00:00:00','0000-00-00 00:00:00'),(12,'asd',15,'2015-12-24 07:08:29','2015-12-24 07:08:29'),(13,'asdasdw',16,'2015-12-24 07:08:29','2015-12-24 07:08:29'),(14,'aka',7,'2015-12-24 07:09:48','2015-12-24 07:09:48'),(15,'aka',7,'2015-12-24 07:10:01','2015-12-24 07:10:01'),(16,'aka',7,'2015-12-24 07:10:37','2015-12-24 07:10:37'),(17,'jw1',17,'2015-12-24 07:11:11','2015-12-24 07:11:11'),(18,'jw2',17,'2015-12-24 07:11:11','2015-12-24 07:11:11'),(19,'jwalanta',18,'2015-12-24 09:44:52','2015-12-24 09:44:52'),(20,'jeevan',18,'2015-12-24 09:44:52','2015-12-24 09:44:52'),(21,'jyotsna',19,'2015-12-24 10:05:34','2015-12-24 10:05:34'),(22,'madhu',19,'2015-12-24 10:05:34','2015-12-24 10:05:34'),(23,'mark',20,'2015-12-25 11:04:23','2015-12-25 11:04:23'),(24,'john Doe',21,'2015-12-25 11:04:56','2015-12-25 11:04:56'),(25,'weq',22,'2015-12-25 11:06:31','2015-12-25 11:06:31'),(26,'asd',23,'2015-12-25 11:08:23','2015-12-25 11:08:23'),(27,'qweqwe',23,'2015-12-25 11:08:23','2015-12-25 11:08:23'),(28,'qweq2',24,'2015-12-25 11:11:17','2015-12-25 11:11:17'),(29,'asd',25,'2015-12-25 11:12:23','2015-12-25 11:12:23'),(30,'dasdasdasdasd',26,'2015-12-25 11:13:01','2015-12-25 11:13:01'),(31,'asd',27,'2015-12-25 11:19:44','2015-12-25 11:19:44'),(32,'asd',28,'2015-12-25 11:24:02','2015-12-25 11:24:02'),(33,'asd',29,'2015-12-25 11:39:47','2015-12-25 11:39:47'),(34,'asd',30,'2015-12-25 11:41:03','2015-12-25 11:41:03'),(35,'asd',30,'2015-12-25 11:41:03','2015-12-25 11:41:03'),(36,'many 1',31,'2015-12-26 08:29:00','2015-12-26 08:29:00'),(37,'many 2',31,'2015-12-26 08:29:00','2015-12-26 08:29:00'),(38,'many 3',31,'2015-12-26 08:29:00','2015-12-26 08:29:00'),(39,'cesar',232,'2015-12-26 11:09:28','2015-12-26 11:09:28'),(40,'romeu',232,'2015-12-26 11:09:28','2015-12-26 11:09:28'),(41,'ramsey',233,'2015-12-26 11:10:13','2015-12-26 11:10:13'),(42,'wilshere',233,'2015-12-26 11:10:13','2015-12-26 11:10:13'),(43,'carzola',233,'2015-12-26 11:10:13','2015-12-26 11:10:13'),(44,'cambell',233,'2015-12-26 11:10:13','2015-12-26 11:10:13'),(45,'john doe',234,'2015-12-28 04:28:05','2015-12-28 04:28:05'),(46,'jane doe',234,'2015-12-28 04:28:06','2015-12-28 04:28:06'),(47,'rajeev.ty',235,'2015-12-28 04:31:13','2015-12-28 04:31:13'),(48,'molly',235,'2015-12-28 04:31:13','2015-12-28 04:31:13'),(49,'test1',236,'2015-12-28 04:40:58','2015-12-28 04:40:58'),(50,'test2',236,'2015-12-28 04:40:58','2015-12-28 04:40:58'),(51,'test',237,'2015-12-28 04:43:28','2015-12-28 04:43:28'),(52,'tesasd',237,'2015-12-28 04:43:28','2015-12-28 04:43:28'),(53,'with my frenz',238,'2015-12-28 04:45:34','2015-12-28 04:45:34'),(54,'asd',238,'2015-12-28 04:45:34','2015-12-28 04:45:34'),(55,'tom petty',239,'2015-12-28 05:24:04','2015-12-28 05:24:04'),(56,'jim',239,'2015-12-28 05:24:04','2015-12-28 05:24:04'),(57,'beglian',239,'2015-12-28 05:24:04','2015-12-28 05:24:04'),(58,'asdasd',240,'2015-12-28 05:25:56','2015-12-28 05:25:56'),(59,'asdasd',240,'2015-12-28 05:25:56','2015-12-28 05:25:56'),(60,'asdw',240,'2015-12-28 05:25:56','2015-12-28 05:25:56'),(61,'nom',241,'2015-12-28 05:30:23','2015-12-28 05:30:23'),(62,'nom',241,'2015-12-28 05:30:23','2015-12-28 05:30:23'),(63,'bak',242,'2015-12-28 05:30:52','2015-12-28 05:30:52'),(64,'in',242,'2015-12-28 05:30:52','2015-12-28 05:30:52'),(65,'asd',243,'2015-12-28 05:47:42','2015-12-28 05:47:42'),(66,'asd',243,'2015-12-28 05:47:42','2015-12-28 05:47:42'),(67,'asd',243,'2015-12-28 05:47:42','2015-12-28 05:47:42'),(68,'asd',244,'2015-12-28 05:48:50','2015-12-28 05:48:50'),(69,'asdqwe',244,'2015-12-28 05:48:50','2015-12-28 05:48:50'),(70,'sharad',245,'2015-12-28 06:47:10','2015-12-28 06:47:10'),(71,'madhu',245,'2015-12-28 06:47:10','2015-12-28 06:47:10'),(72,'jyotsna',245,'2015-12-28 06:47:10','2015-12-28 06:47:10'),(73,'',246,'2015-12-28 09:47:11','2015-12-28 09:47:11'),(74,'',247,'2015-12-28 09:48:00','2015-12-28 09:48:00'),(75,'',248,'2015-12-28 09:49:07','2015-12-28 09:49:07'),(76,'',249,'2015-12-28 09:51:05','2015-12-28 09:51:05'),(77,'mad',252,'2015-12-28 10:49:17','2015-12-28 10:49:17'),(78,'man',252,'2015-12-28 10:49:17','2015-12-28 10:49:17'),(79,'q',253,'2015-12-28 11:03:04','2015-12-28 11:03:04'),(80,'n',253,'2015-12-28 11:03:04','2015-12-28 11:03:04'),(81,'asdasdqwe',254,'2015-12-28 11:06:37','2015-12-28 11:06:37'),(82,'asd',254,'2015-12-28 11:06:37','2015-12-28 11:06:37'),(83,'burger',255,'2015-12-28 11:11:58','2015-12-28 11:11:58'),(84,'spagetti',255,'2015-12-28 11:11:58','2015-12-28 11:11:58'),(85,'test1',256,'2015-12-29 04:39:15','2015-12-29 04:39:15'),(86,'test2',256,'2015-12-29 04:39:15','2015-12-29 04:39:15'),(87,'xyz',257,'2016-01-05 05:28:02','2016-01-05 05:28:02'),(88,'zbc',257,'2016-01-05 05:28:02','2016-01-05 05:28:02'),(89,'byz',257,'2016-01-05 05:28:02','2016-01-05 05:28:02'),(90,'kist',258,'2016-01-31 04:38:52','2016-01-31 04:38:52'),(91,'Ram',258,'2016-01-31 04:38:52','2016-01-31 04:38:52');

/*Table structure for table `child_institute` */

DROP TABLE IF EXISTS `child_institute`;

CREATE TABLE `child_institute` (
  `id` int(10) unsigned NOT NULL AUTO_INCREMENT,
  `child_id` int(11) NOT NULL,
  `institute_id` int(11) NOT NULL,
  `created_at` timestamp NOT NULL DEFAULT '0000-00-00 00:00:00',
  `updated_at` timestamp NOT NULL DEFAULT '0000-00-00 00:00:00',
  PRIMARY KEY (`id`)
) ENGINE=MyISAM AUTO_INCREMENT=4 DEFAULT CHARSET=utf8 COLLATE=utf8_unicode_ci;

/*Data for the table `child_institute` */

insert  into `child_institute`(`id`,`child_id`,`institute_id`,`created_at`,`updated_at`) values (1,1,1,'0000-00-00 00:00:00','0000-00-00 00:00:00'),(2,1,2,'0000-00-00 00:00:00','0000-00-00 00:00:00'),(3,2,2,'0000-00-00 00:00:00','0000-00-00 00:00:00');

/*Table structure for table `children` */

DROP TABLE IF EXISTS `children`;

CREATE TABLE `children` (
  `id` int(10) unsigned NOT NULL AUTO_INCREMENT,
  `created_at` timestamp NOT NULL DEFAULT '0000-00-00 00:00:00',
  `updated_at` timestamp NOT NULL DEFAULT '0000-00-00 00:00:00',
  PRIMARY KEY (`id`)
) ENGINE=MyISAM AUTO_INCREMENT=3 DEFAULT CHARSET=utf8 COLLATE=utf8_unicode_ci;

/*Data for the table `children` */

insert  into `children`(`id`,`created_at`,`updated_at`) values (1,'0000-00-00 00:00:00','0000-00-00 00:00:00'),(2,'0000-00-00 00:00:00','0000-00-00 00:00:00');

/*Table structure for table `institutes` */

DROP TABLE IF EXISTS `institutes`;

CREATE TABLE `institutes` (
  `id` int(10) unsigned NOT NULL AUTO_INCREMENT,
  `created_at` timestamp NOT NULL DEFAULT '0000-00-00 00:00:00',
  `updated_at` timestamp NOT NULL DEFAULT '0000-00-00 00:00:00',
  PRIMARY KEY (`id`)
) ENGINE=MyISAM AUTO_INCREMENT=4 DEFAULT CHARSET=utf8 COLLATE=utf8_unicode_ci;

/*Data for the table `institutes` */

insert  into `institutes`(`id`,`created_at`,`updated_at`) values (1,'0000-00-00 00:00:00','0000-00-00 00:00:00'),(2,'0000-00-00 00:00:00','0000-00-00 00:00:00'),(3,'0000-00-00 00:00:00','0000-00-00 00:00:00');

/*Table structure for table `migrations` */

DROP TABLE IF EXISTS `migrations`;

CREATE TABLE `migrations` (
  `migration` varchar(255) COLLATE utf8_unicode_ci NOT NULL,
  `batch` int(11) NOT NULL
) ENGINE=InnoDB DEFAULT CHARSET=utf8 COLLATE=utf8_unicode_ci;

/*Data for the table `migrations` */

insert  into `migrations`(`migration`,`batch`) values ('2015_12_21_065958_create_users_table',1),('2015_12_21_070113_create_transactions_table',1),('2015_12_24_050815_create_broker_table',2),('2015_12_24_091550_create_people_table',3),('2015_12_24_091623_create_addresses_table',3),('2016_01_10_103244_create_student_table',4),('2016_01_10_103408_create_children_table',4),('2016_01_10_103445_create_institutes_table',4),('2016_01_10_103945_create_child_institute_table',5);

/*Table structure for table `people` */

DROP TABLE IF EXISTS `people`;

CREATE TABLE `people` (
  `id` int(10) unsigned NOT NULL AUTO_INCREMENT,
  `name` varchar(255) COLLATE utf8_unicode_ci NOT NULL,
  `created_at` timestamp NOT NULL DEFAULT '0000-00-00 00:00:00',
  `updated_at` timestamp NOT NULL DEFAULT '0000-00-00 00:00:00',
  PRIMARY KEY (`id`)
) ENGINE=InnoDB AUTO_INCREMENT=6 DEFAULT CHARSET=utf8 COLLATE=utf8_unicode_ci;

/*Data for the table `people` */

insert  into `people`(`id`,`name`,`created_at`,`updated_at`) values (1,'Sharad','2015-12-24 09:42:23','2015-12-24 09:42:23'),(2,'rajeev','0000-00-00 00:00:00','0000-00-00 00:00:00'),(3,'prabhu','0000-00-00 00:00:00','0000-00-00 00:00:00'),(4,'madhu','0000-00-00 00:00:00','0000-00-00 00:00:00'),(5,'jyotsna','0000-00-00 00:00:00','0000-00-00 00:00:00');

/*Table structure for table `student` */

DROP TABLE IF EXISTS `student`;

CREATE TABLE `student` (
  `id` int(10) unsigned NOT NULL AUTO_INCREMENT,
  `created_at` timestamp NOT NULL DEFAULT '0000-00-00 00:00:00',
  `updated_at` timestamp NOT NULL DEFAULT '0000-00-00 00:00:00',
  PRIMARY KEY (`id`)
) ENGINE=InnoDB DEFAULT CHARSET=utf8 COLLATE=utf8_unicode_ci;

/*Data for the table `student` */

/*Table structure for table `transactions` */

DROP TABLE IF EXISTS `transactions`;

CREATE TABLE `transactions` (
  `id` int(10) unsigned NOT NULL AUTO_INCREMENT,
  `user_id` int(11) NOT NULL,
  `amount` varchar(255) COLLATE utf8_unicode_ci NOT NULL,
  `description` text COLLATE utf8_unicode_ci NOT NULL,
  `created_at` timestamp NOT NULL DEFAULT '0000-00-00 00:00:00',
  `updated_at` timestamp NOT NULL DEFAULT '0000-00-00 00:00:00',
  PRIMARY KEY (`id`)
) ENGINE=InnoDB AUTO_INCREMENT=259 DEFAULT CHARSET=utf8 COLLATE=utf8_unicode_ci;

/*Data for the table `transactions` */

insert  into `transactions`(`id`,`user_id`,`amount`,`description`,`created_at`,`updated_at`) values (19,8,'2000','kist bank','2015-12-24 10:05:34','2015-12-24 10:05:34'),(65,8,'','This is a demo','2015-12-26 10:45:34','2015-12-26 10:45:34'),(66,8,'','This is a demo','2015-12-26 10:45:34','2015-12-26 10:45:34'),(67,8,'','This is a demo','2015-12-26 10:45:34','2015-12-26 10:45:34'),(69,8,'','This is a demo','2015-12-26 10:45:34','2015-12-26 10:45:34'),(70,8,'','This is a demo','2015-12-26 10:45:34','2015-12-26 10:45:34'),(71,8,'','This is a demo','2015-12-26 10:45:34','2015-12-26 10:45:34'),(72,8,'','This is a demo','2015-12-26 10:45:34','2015-12-26 10:45:34'),(73,8,'','This is a demo','2015-12-26 10:45:34','2015-12-26 10:45:34'),(74,8,'','This is a demo','2015-12-26 10:45:34','2015-12-26 10:45:34'),(75,8,'','This is a demo','2015-12-26 10:45:34','2015-12-26 10:45:34'),(76,8,'','This is a demo','2015-12-26 10:45:35','2015-12-26 10:45:35'),(77,8,'','This is a demo','2015-12-26 10:45:35','2015-12-26 10:45:35'),(78,8,'','This is a demo','2015-12-26 10:45:35','2015-12-26 10:45:35'),(79,8,'','This is a demo','2015-12-26 10:45:35','2015-12-26 10:45:35'),(80,8,'','This is a demo','2015-12-26 10:45:35','2015-12-26 10:45:35'),(81,8,'','This is a demo','2015-12-26 10:45:35','2015-12-26 10:45:35'),(82,8,'','This is a demo','2015-12-26 10:45:35','2015-12-26 10:45:35'),(83,8,'','This is a demo','2015-12-26 10:45:35','2015-12-26 10:45:35'),(84,8,'','This is a demo','2015-12-26 10:45:35','2015-12-26 10:45:35'),(85,8,'','This is a demo','2015-12-26 10:45:35','2015-12-26 10:45:35'),(86,8,'','This is a demo','2015-12-26 10:45:35','2015-12-26 10:45:35'),(87,8,'','This is a demo','2015-12-26 10:45:35','2015-12-26 10:45:35'),(88,8,'','This is a demo','2015-12-26 10:45:35','2015-12-26 10:45:35'),(89,8,'','This is a demo','2015-12-26 10:45:35','2015-12-26 10:45:35'),(90,8,'','This is a demo','2015-12-26 10:45:35','2015-12-26 10:45:35'),(91,8,'','This is a demo','2015-12-26 10:45:35','2015-12-26 10:45:35'),(92,8,'','This is a demo','2015-12-26 10:45:35','2015-12-26 10:45:35'),(93,8,'','This is a demo','2015-12-26 10:45:35','2015-12-26 10:45:35'),(94,8,'','This is a demo','2015-12-26 10:45:35','2015-12-26 10:45:35'),(95,8,'','This is a demo','2015-12-26 10:45:35','2015-12-26 10:45:35'),(96,8,'','This is a demo','2015-12-26 10:45:35','2015-12-26 10:45:35'),(97,8,'','This is a demo','2015-12-26 10:45:35','2015-12-26 10:45:35'),(98,8,'','This is a demo','2015-12-26 10:45:35','2015-12-26 10:45:35'),(99,8,'','This is a demo','2015-12-26 10:45:35','2015-12-26 10:45:35'),(100,8,'','This is a demo','2015-12-26 10:45:35','2015-12-26 10:45:35'),(101,8,'','This is a demo','2015-12-26 10:45:35','2015-12-26 10:45:35'),(102,8,'','This is a demo','2015-12-26 10:45:35','2015-12-26 10:45:35'),(103,8,'','This is a demo','2015-12-26 10:45:35','2015-12-26 10:45:35'),(104,8,'','This is a demo','2015-12-26 10:45:35','2015-12-26 10:45:35'),(105,8,'','This is a demo','2015-12-26 10:45:35','2015-12-26 10:45:35'),(106,8,'','This is a demo','2015-12-26 10:45:35','2015-12-26 10:45:35'),(107,8,'','This is a demo','2015-12-26 10:45:35','2015-12-26 10:45:35'),(108,8,'','This is a demo','2015-12-26 10:45:35','2015-12-26 10:45:35'),(109,8,'','This is a demo','2015-12-26 10:45:35','2015-12-26 10:45:35'),(110,8,'','This is a demo','2015-12-26 10:45:35','2015-12-26 10:45:35'),(111,8,'','This is a demo','2015-12-26 10:45:35','2015-12-26 10:45:35'),(112,8,'','This is a demo','2015-12-26 10:45:35','2015-12-26 10:45:35'),(113,8,'','This is a demo','2015-12-26 10:45:35','2015-12-26 10:45:35'),(114,8,'','This is a demo','2015-12-26 10:45:35','2015-12-26 10:45:35'),(115,8,'','This is a demo','2015-12-26 10:45:35','2015-12-26 10:45:35'),(116,8,'','This is a demo','2015-12-26 10:45:35','2015-12-26 10:45:35'),(117,8,'','This is a demo','2015-12-26 10:45:35','2015-12-26 10:45:35'),(118,8,'','This is a demo','2015-12-26 10:45:36','2015-12-26 10:45:36'),(119,8,'','This is a demo','2015-12-26 10:45:36','2015-12-26 10:45:36'),(120,8,'','This is a demo','2015-12-26 10:45:36','2015-12-26 10:45:36'),(121,8,'','This is a demo','2015-12-26 10:45:36','2015-12-26 10:45:36'),(122,8,'','This is a demo','2015-12-26 10:45:36','2015-12-26 10:45:36'),(123,8,'','This is a demo','2015-12-26 10:45:36','2015-12-26 10:45:36'),(124,8,'','This is a demo','2015-12-26 10:45:36','2015-12-26 10:45:36'),(125,8,'','This is a demo','2015-12-26 10:45:36','2015-12-26 10:45:36'),(126,8,'','This is a demo','2015-12-26 10:45:36','2015-12-26 10:45:36'),(127,8,'','This is a demo','2015-12-26 10:45:36','2015-12-26 10:45:36'),(128,8,'','This is a demo','2015-12-26 10:45:36','2015-12-26 10:45:36'),(129,8,'','This is a demo','2015-12-26 10:45:36','2015-12-26 10:45:36'),(130,8,'','This is a demo','2015-12-26 10:45:36','2015-12-26 10:45:36'),(131,8,'','This is a demo','2015-12-26 10:45:36','2015-12-26 10:45:36'),(132,8,'','This is a demo','2015-12-26 10:45:36','2015-12-26 10:45:36'),(133,8,'','This is a demo','2015-12-26 10:45:36','2015-12-26 10:45:36'),(134,8,'','This is a demo','2015-12-26 10:45:36','2015-12-26 10:45:36'),(135,8,'','This is a demo','2015-12-26 10:45:36','2015-12-26 10:45:36'),(136,8,'','This is a demo','2015-12-26 10:45:36','2015-12-26 10:45:36'),(137,8,'','This is a demo','2015-12-26 10:45:36','2015-12-26 10:45:36'),(138,8,'','This is a demo','2015-12-26 10:45:36','2015-12-26 10:45:36'),(139,8,'','This is a demo','2015-12-26 10:45:36','2015-12-26 10:45:36'),(140,8,'','This is a demo','2015-12-26 10:45:36','2015-12-26 10:45:36'),(141,8,'','This is a demo','2015-12-26 10:45:36','2015-12-26 10:45:36'),(142,8,'','This is a demo','2015-12-26 10:45:36','2015-12-26 10:45:36'),(143,8,'','This is a demo','2015-12-26 10:45:36','2015-12-26 10:45:36'),(144,8,'','This is a demo','2015-12-26 10:45:36','2015-12-26 10:45:36'),(145,8,'','This is a demo','2015-12-26 10:45:36','2015-12-26 10:45:36'),(146,8,'','This is a demo','2015-12-26 10:45:36','2015-12-26 10:45:36'),(147,8,'','This is a demo','2015-12-26 10:45:36','2015-12-26 10:45:36'),(148,8,'','This is a demo','2015-12-26 10:45:36','2015-12-26 10:45:36'),(149,8,'','This is a demo','2015-12-26 10:45:36','2015-12-26 10:45:36'),(150,8,'','This is a demo','2015-12-26 10:45:36','2015-12-26 10:45:36'),(151,8,'','This is a demo','2015-12-26 10:45:36','2015-12-26 10:45:36'),(152,8,'','This is a demo','2015-12-26 10:45:36','2015-12-26 10:45:36'),(153,8,'','This is a demo','2015-12-26 10:45:36','2015-12-26 10:45:36'),(154,8,'','This is a demo','2015-12-26 10:45:36','2015-12-26 10:45:36'),(155,8,'','This is a demo','2015-12-26 10:45:36','2015-12-26 10:45:36'),(156,8,'','This is a demo','2015-12-26 10:45:36','2015-12-26 10:45:36'),(157,8,'','This is a demo','2015-12-26 10:45:36','2015-12-26 10:45:36'),(158,8,'','This is a demo','2015-12-26 10:45:36','2015-12-26 10:45:36'),(159,8,'','This is a demo','2015-12-26 10:45:37','2015-12-26 10:45:37'),(160,8,'','This is a demo','2015-12-26 10:45:37','2015-12-26 10:45:37'),(161,8,'','This is a demo','2015-12-26 10:45:37','2015-12-26 10:45:37'),(162,8,'','This is a demo','2015-12-26 10:45:37','2015-12-26 10:45:37'),(163,8,'','This is a demo','2015-12-26 10:45:37','2015-12-26 10:45:37'),(164,8,'','This is a demo','2015-12-26 10:45:37','2015-12-26 10:45:37'),(165,8,'','This is a demo','2015-12-26 10:45:37','2015-12-26 10:45:37'),(166,8,'','This is a demo','2015-12-26 10:45:37','2015-12-26 10:45:37'),(167,8,'','This is a demo','2015-12-26 10:45:37','2015-12-26 10:45:37'),(168,8,'','This is a demo','2015-12-26 10:45:37','2015-12-26 10:45:37'),(169,8,'','This is a demo','2015-12-26 10:45:37','2015-12-26 10:45:37'),(170,8,'','This is a demo','2015-12-26 10:45:37','2015-12-26 10:45:37'),(171,8,'','This is a demo','2015-12-26 10:45:37','2015-12-26 10:45:37'),(172,8,'','This is a demo','2015-12-26 10:45:37','2015-12-26 10:45:37'),(173,8,'','This is a demo','2015-12-26 10:45:37','2015-12-26 10:45:37'),(174,8,'','This is a demo','2015-12-26 10:45:37','2015-12-26 10:45:37'),(175,8,'','This is a demo','2015-12-26 10:45:37','2015-12-26 10:45:37'),(176,8,'','This is a demo','2015-12-26 10:45:37','2015-12-26 10:45:37'),(177,8,'','This is a demo','2015-12-26 10:45:37','2015-12-26 10:45:37'),(178,8,'','This is a demo','2015-12-26 10:45:37','2015-12-26 10:45:37'),(179,8,'','This is a demo','2015-12-26 10:45:37','2015-12-26 10:45:37'),(180,8,'','This is a demo','2015-12-26 10:45:37','2015-12-26 10:45:37'),(181,8,'','This is a demo','2015-12-26 10:45:37','2015-12-26 10:45:37'),(182,8,'','This is a demo','2015-12-26 10:45:37','2015-12-26 10:45:37'),(183,8,'','This is a demo','2015-12-26 10:45:37','2015-12-26 10:45:37'),(184,8,'','This is a demo','2015-12-26 10:45:37','2015-12-26 10:45:37'),(185,8,'','This is a demo','2015-12-26 10:45:37','2015-12-26 10:45:37'),(186,8,'','This is a demo','2015-12-26 10:45:37','2015-12-26 10:45:37'),(187,8,'','This is a demo','2015-12-26 10:45:37','2015-12-26 10:45:37'),(188,8,'','This is a demo','2015-12-26 10:45:37','2015-12-26 10:45:37'),(189,8,'','This is a demo','2015-12-26 10:45:37','2015-12-26 10:45:37'),(190,8,'','This is a demo','2015-12-26 10:45:37','2015-12-26 10:45:37'),(191,8,'','This is a demo','2015-12-26 10:45:37','2015-12-26 10:45:37'),(192,8,'','This is a demo','2015-12-26 10:45:37','2015-12-26 10:45:37'),(193,8,'','This is a demo','2015-12-26 10:45:37','2015-12-26 10:45:37'),(194,8,'','This is a demo','2015-12-26 10:45:37','2015-12-26 10:45:37'),(195,8,'','This is a demo','2015-12-26 10:45:37','2015-12-26 10:45:37'),(196,8,'','This is a demo','2015-12-26 10:45:37','2015-12-26 10:45:37'),(197,8,'','This is a demo','2015-12-26 10:45:37','2015-12-26 10:45:37'),(198,8,'','This is a demo','2015-12-26 10:45:37','2015-12-26 10:45:37'),(199,8,'','This is a demo','2015-12-26 10:45:37','2015-12-26 10:45:37'),(200,8,'','This is a demo','2015-12-26 10:45:37','2015-12-26 10:45:37'),(201,8,'','This is a demo','2015-12-26 10:45:37','2015-12-26 10:45:37'),(202,8,'','This is a demo','2015-12-26 10:45:38','2015-12-26 10:45:38'),(203,8,'','This is a demo','2015-12-26 10:45:38','2015-12-26 10:45:38'),(204,8,'','This is a demo','2015-12-26 10:45:38','2015-12-26 10:45:38'),(205,8,'','This is a demo','2015-12-26 10:45:38','2015-12-26 10:45:38'),(206,8,'','This is a demo','2015-12-26 10:45:38','2015-12-26 10:45:38'),(207,8,'','This is a demo','2015-12-26 10:45:38','2015-12-26 10:45:38'),(208,8,'','This is a demo','2015-12-26 10:45:38','2015-12-26 10:45:38'),(209,8,'','This is a demo','2015-12-26 10:45:38','2015-12-26 10:45:38'),(210,8,'','This is a demo','2015-12-26 10:45:38','2015-12-26 10:45:38'),(211,8,'','This is a demo','2015-12-26 10:45:38','2015-12-26 10:45:38'),(212,8,'','This is a demo','2015-12-26 10:45:38','2015-12-26 10:45:38'),(213,8,'','This is a demo','2015-12-26 10:45:38','2015-12-26 10:45:38'),(214,8,'','This is a demo','2015-12-26 10:45:38','2015-12-26 10:45:38'),(215,8,'','This is a demo','2015-12-26 10:45:38','2015-12-26 10:45:38'),(216,8,'','This is a demo','2015-12-26 10:45:38','2015-12-26 10:45:38'),(217,8,'','This is a demo','2015-12-26 10:45:38','2015-12-26 10:45:38'),(218,8,'','This is a demo','2015-12-26 10:45:38','2015-12-26 10:45:38'),(219,8,'','This is a demo','2015-12-26 10:45:38','2015-12-26 10:45:38'),(220,8,'','This is a demo','2015-12-26 10:45:38','2015-12-26 10:45:38'),(221,8,'','This is a demo','2015-12-26 10:45:38','2015-12-26 10:45:38'),(222,8,'','This is a demo','2015-12-26 10:45:38','2015-12-26 10:45:38'),(223,8,'','This is a demo','2015-12-26 10:45:38','2015-12-26 10:45:38'),(224,8,'','This is a demo','2015-12-26 10:45:38','2015-12-26 10:45:38'),(225,8,'','This is a demo','2015-12-26 10:45:38','2015-12-26 10:45:38'),(226,8,'','This is a demo','2015-12-26 10:45:38','2015-12-26 10:45:38'),(227,8,'','This is a demo','2015-12-26 10:45:38','2015-12-26 10:45:38'),(228,8,'','This is a demo','2015-12-26 10:45:38','2015-12-26 10:45:38'),(229,8,'','This is a demo','2015-12-26 10:45:38','2015-12-26 10:45:38'),(230,8,'','This is a demo','2015-12-26 10:45:38','2015-12-26 10:45:38'),(231,8,'','This is a demo','2015-12-26 10:45:38','2015-12-26 10:45:38'),(232,8,'199','azpelcuita','2015-12-26 11:09:28','2015-12-26 11:09:28'),(233,8,'5000','arsenal','2015-12-26 11:10:13','2015-12-26 11:10:13'),(234,8,'4000','yellow','2015-12-28 04:28:05','2015-12-28 04:28:05'),(235,8,'222','in my place','2015-12-28 04:31:13','2015-12-28 04:31:13'),(237,11,'200','test','2015-12-28 04:43:28','2015-12-28 04:43:28'),(241,8,'nom','nom','2015-12-28 05:30:23','2015-12-28 05:30:23'),(242,8,'tom','yum','2015-12-28 05:30:52','2015-12-28 05:30:52'),(243,8,'asd','asd','2015-12-28 05:47:42','2015-12-28 05:47:42'),(244,8,'asd','asd','2015-12-28 05:48:50','2015-12-28 05:48:50'),(245,9,'2500','This is a test','2015-12-28 06:47:10','2015-12-28 06:47:10'),(246,8,'apple','sauce','2015-12-28 09:47:11','2015-12-28 09:47:11'),(247,10,'asd','asdasd','2015-12-28 09:48:00','2015-12-28 09:48:00'),(248,10,'asd','asd','2015-12-28 09:49:07','2015-12-28 09:49:07'),(249,10,'asd','asd','2015-12-28 09:51:05','2015-12-28 09:51:05'),(250,10,'asd','asd','2015-12-28 09:53:42','2015-12-28 09:53:42'),(251,10,'weqwe','qweqwe','2015-12-28 09:53:46','2015-12-28 09:53:46'),(252,10,'1000','test','2015-12-28 10:49:17','2015-12-28 10:49:17'),(253,10,'asd','asd','2015-12-28 11:03:04','2015-12-28 11:03:04'),(254,10,'1000','desc','2015-12-28 11:06:37','2015-12-28 11:06:37'),(256,12,'2000','test','2015-12-29 04:39:15','2015-12-29 04:39:15'),(257,8,'300','global bank','2016-01-05 05:28:02','2016-01-05 05:28:02'),(258,18,'5000','this is a test','2016-01-31 04:38:52','2016-01-31 04:38:52');

/*Table structure for table `users` */

DROP TABLE IF EXISTS `users`;

CREATE TABLE `users` (
  `id` int(10) unsigned NOT NULL AUTO_INCREMENT,
  `username` varchar(255) COLLATE utf8_unicode_ci NOT NULL,
  `password` varchar(255) COLLATE utf8_unicode_ci NOT NULL,
  `created_at` timestamp NOT NULL DEFAULT '0000-00-00 00:00:00',
  `updated_at` timestamp NOT NULL DEFAULT '0000-00-00 00:00:00',
  PRIMARY KEY (`id`)
) ENGINE=InnoDB AUTO_INCREMENT=19 DEFAULT CHARSET=utf8 COLLATE=utf8_unicode_ci;

/*Data for the table `users` */

insert  into `users`(`id`,`username`,`password`,`created_at`,`updated_at`) values (8,'yunesh','$2y$10$ZIaoRxgWuZMs4W3OHIHkjuPWc9UYA4Nr73bKWIceze24wnbXE7LS6','2015-12-23 04:42:53','2015-12-23 04:42:53'),(9,'rajeev.thapaliya','$2y$10$3Sa4744RT81kJkNUFlVpNOK9ZUwMg9ijeW7mFmfDKGRRLqW5YJrTi','2015-12-23 04:47:33','2015-12-23 04:47:33'),(10,'sharad.baidya','$2y$10$D1klFiTeMaJOyoKZrCSgWeOE0twhb/ExXz3boVMaaQTDaMUTBeqRW','2015-12-23 04:47:39','2015-12-23 04:47:39'),(11,'prabhu.chitrakar','$2y$10$Zm8SCVNJDJzCnBJ8uRPmN.SPjW5hLBYq.L3Hm4lE6Yvq8b8qhkZlm','2015-12-23 04:47:47','2015-12-23 04:47:47'),(12,'suyog.tuladhar','$2y$10$uTclLA6uIiywx6dOp.4ngu4X5I6ppgQDZU22bBCfHmm3zUouSoW3e','2015-12-24 05:01:54','2015-12-24 05:01:54'),(16,'Blueberry.muffin','$2y$10$OtgVYAqh0cV2xm2N.5aPvew1tWwyRZthFISV/eCxwMMPLQcjQ3PnO','2015-12-28 05:22:30','2015-12-28 05:22:30'),(18,'madhu.mhrzn','$2y$10$WaFmRc42cjFfLBsp9AbDX.ApchNG0d5MW2HfhNP.TcBSLuajz1cnS','2016-01-31 04:37:44','2016-01-31 04:37:44');

/*!40101 SET SQL_MODE=@OLD_SQL_MODE */;
/*!40014 SET FOREIGN_KEY_CHECKS=@OLD_FOREIGN_KEY_CHECKS */;
/*!40014 SET UNIQUE_CHECKS=@OLD_UNIQUE_CHECKS */;
/*!40111 SET SQL_NOTES=@OLD_SQL_NOTES */;
